{
  "aliases": [
    "Abdul Alhazred",
    "Death God",
    "Master",
    "The Mad Arab"
  ],
  "authors": [
    "John Buscema",
    "Roy Thomas"
  ],
  "description": "Abdul Alhazred (Abd-el-Hazred), also going by the aliases The Mad Arab, Death God, and Master, is a fictional character and supervillain in the Marvel Comics Universes.He was first adapted into a Marvel character in Marvel's adapted comic of Edgar Rice Burroughs' Tarzan.",
  "images": {
    "background": null,
    "thumbnail": null
  },
  "mainColor": null,
  "name": "Abdul Alhazred",
  "partners": [
  ],
  "powers": [
    "Hypnotism",
    "Mystical",
    "Psionic abilities",
    "Superhuman strength",
    "Teleportation"
  ],
  "ranking": {
    "comicCount": 0,
    "eventCount": 0,
    "pageviewCount": 368,
    "serieCount": 0,
    "storyCount": 0
  },
  "secretIdentities": [
    "Abdul Alhazred"
  ],
  "species": [
    "Human"
  ],
  "superName": "Abdul Alhazred",
  "teams": [
  ],
  "urls": {
    "marvel": null,
    "wikipedia": "https://en.wikipedia.org/wiki/Abdul_Alhazred_(comics)"
  }
}