{
  "aliases": [
    "Archangel Gabriel",
    "Gabriel"
  ],
  "authors": [
    "John Buscema",
    "Stan Lee"
  ],
  "description": "The Air-Walker (Gabriel Lan) (also known as Gabriel the Air-Walker) is a fictional character that appears in comic books published by Marvel Comics.",
  "images": {
    "background": null,
    "thumbnail": "https://upload.wikimedia.org/wikipedia/en/thumb/3/34/Thor-305.jpg/250px-Thor-305.jpg"
  },
  "mainColor": null,
  "name": "Air-Walker",
  "partners": [
  ],
  "powers": [
    "Galactus",
    "Power cosmic"
  ],
  "ranking": {
    "comicCount": 0,
    "eventCount": 0,
    "pageviewCount": 1653,
    "serieCount": 0,
    "storyCount": 0
  },
  "secretIdentities": [
    "Gabriel Lan"
  ],
  "species": [
    "Xandarian"
  ],
  "superName": "Air-Walker",
  "teams": [
    "Galactus",
    "Heralds of Galactus",
    "Nova Corps"
  ],
  "urls": {
    "marvel": null,
    "wikipedia": "https://en.wikipedia.org/wiki/Air-Walker"
  }
}