{
  "aliases": [
    "Aireo",
    "Skybreaker"
  ],
  "authors": [
    "Jack Kirby",
    "Stan Lee"
  ],
  "description": "Aireo is a fictional character appearing in American comic books published by Marvel Comics.",
  "images": {
    "background": null,
    "thumbnail": null
  },
  "mainColor": null,
  "name": "Aireo",
  "partners": [
  ],
  "powers": [
    "Aerokinesis",
    "Flight"
  ],
  "ranking": {
    "comicCount": 0,
    "eventCount": 0,
    "pageviewCount": 495,
    "serieCount": 0,
    "storyCount": 0
  },
  "secretIdentities": [
    "Aireo"
  ],
  "species": [
    "Inhumans"
  ],
  "superName": "Aireo",
  "teams": [
    "Force of Nature",
    "Inhumans"
  ],
  "urls": {
    "marvel": null,
    "wikipedia": "https://en.wikipedia.org/wiki/Aireo"
  }
}