{
  "aliases": [
    "Akasha",
    "Akasha Martinez",
    "Living Pharaoh",
    "The Living Pharaoh"
  ],
  "authors": [
    "Richard Case",
    "Todd Dezago"
  ],
  "description": "Akasha (Akasha Martinez), also sometimes called The Living Pharaoh, is a fictional character in the Marvel Universe, a former enemy of Spider-Man who has been associated with Ahmet Abdol.",
  "images": {
    "background": null,
    "thumbnail": null
  },
  "mainColor": null,
  "name": "Akasha",
  "partners": [
  ],
  "powers": [
    "Abilities"
  ],
  "ranking": {
    "comicCount": 0,
    "eventCount": 0,
    "pageviewCount": 193,
    "serieCount": 0,
    "storyCount": 0
  },
  "secretIdentities": [
    "Akasha Martinez"
  ],
  "species": [
  ],
  "superName": "Akasha",
  "teams": [
  ],
  "urls": {
    "marvel": null,
    "wikipedia": "https://en.wikipedia.org/wiki/Akasha_(comics)"
  }
}