{
  "aliases": [
    "Doctor Spectrum"
  ],
  "authors": [
    "John Buscema",
    "Roy Thomas"
  ],
  "description": null,
  "images": {
    "background": null,
    "thumbnail": "https://upload.wikimedia.org/wikipedia/en/thumb/4/4c/IronMan-63.jpg/250px-IronMan-63.jpg"
  },
  "mainColor": null,
  "name": "Alice Nugent",
  "partners": [
  ],
  "powers": [
    "Energy projection",
    "Flight",
    "Intangibility",
    "Manipulation"
  ],
  "ranking": {
    "comicCount": 0,
    "eventCount": 0,
    "pageviewCount": 48,
    "serieCount": 0,
    "storyCount": 0
  },
  "secretIdentities": [
  ],
  "species": [
  ],
  "superName": "Alice Nugent",
  "teams": [
    "Squadron Sinister",
    "Squadron Supreme"
  ],
  "urls": {
    "marvel": null,
    "wikipedia": "https://en.wikipedia.org/wiki/Alice_Nugent"
  }
}