{
  "aliases": [
    "Angel",
    "Angel Salvadore",
    "Tempest"
  ],
  "authors": [
    "Ethan Van Sciver",
    "Grant Morrison"
  ],
  "description": "Angel Salvadore, also known by her codename Tempest, is a fictional character created by Grant Morrison and Ethan Van Sciver, appearing in comic books published by Marvel Comics.",
  "images": {
    "background": null,
    "thumbnail": "https://upload.wikimedia.org/wikipedia/en/thumb/9/9c/TempestAngelSalvadore.jpg/250px-TempestAngelSalvadore.jpg"
  },
  "mainColor": null,
  "name": "Angel Salvadore",
  "partners": [
  ],
  "powers": [
    "Acid spit",
    "Flight",
    "Insectoid physiology"
  ],
  "ranking": {
    "comicCount": 0,
    "eventCount": 0,
    "pageviewCount": 5809,
    "serieCount": 0,
    "storyCount": 0
  },
  "secretIdentities": [
    "Angel Salvadore"
  ],
  "species": [
    "Decimation",
    "Mutant"
  ],
  "superName": "Angel Salvadore",
  "teams": [
    "Brotherhood of Mutants",
    "Exemplars training squad",
    "Hellfire Club",
    "New Warriors",
    "Special Class",
    "Teen Brigade",
    "X-Mansion",
    "Xavier Institute"
  ],
  "urls": {
    "marvel": null,
    "wikipedia": "https://en.wikipedia.org/wiki/Angel_Salvadore"
  }
}