{
  "aliases": [
    "Delphine Courtney",
    "Guardian",
    "James MacDonald Hudson"
  ],
  "authors": [
    "John Byrne"
  ],
  "description": null,
  "images": {
    "background": null,
    "thumbnail": null
  },
  "mainColor": null,
  "name": "Anne-Marie Cortez",
  "partners": [
  ],
  "powers": [
    "Flight",
    "Super-strength"
  ],
  "ranking": {
    "comicCount": 0,
    "eventCount": 0,
    "pageviewCount": 202,
    "serieCount": 0,
    "storyCount": 0
  },
  "secretIdentities": [
    "MX39147"
  ],
  "species": [
  ],
  "superName": "Anne-Marie Cortez",
  "teams": [
    "Omega Flight"
  ],
  "urls": {
    "marvel": null,
    "wikipedia": "https://en.wikipedia.org/wiki/Anne-Marie_Cortez"
  }
}