{
  "aliases": [
    "Ant-Man",
    "Scott Lang"
  ],
  "authors": [
    "David Michelinie",
    "John Byrne"
  ],
  "description": "Ant-Man (Scott Lang) is a fictional superhero appearing in American comic books published by Marvel Comics.",
  "images": {
    "background": "http://x.annihil.us/u/prod/marvel/i/mg/6/b0/537ba0e6d1879.gif",
    "thumbnail": "http://i.annihil.us/u/prod/marvel/i/mg/e/20/52696868356a0/standard_xlarge.jpg"
  },
  "mainColor": {
    "blue": 6,
    "green": 6,
    "hexa": "3F0606",
    "red": 63
  },
  "name": "Ant-Man (Scott Lang)",
  "partners": [
  ],
  "powers": [
    "A limited air supply",
    "Electronics expert",
    "Size manipulation",
    "Subatomic universes"
  ],
  "ranking": {
    "comicCount": 8,
    "eventCount": 0,
    "pageviewCount": 30941,
    "serieCount": 4,
    "storyCount": 7
  },
  "secretIdentities": [
    "Scott Edward Harris Lang"
  ],
  "species": [
  ],
  "superName": "Ant-Man",
  "teams": [
    "Avengers",
    "Defenders",
    "Fantastic Four",
    "Future Foundation",
    "Heroes for Hire",
    "Stark Industries"
  ],
  "urls": {
    "marvel": "http://marvel.com/characters/2/ant-man",
    "wikipedia": "https://en.wikipedia.org/wiki/Ant-Man_(Scott_Lang)"
  }
}