{
  "aliases": [
    "Apocalypse",
    "En Sabah Nur",
    "Genesis",
    "The First One",
    "Various mythological deities"
  ],
  "authors": [
    "Jackson Guice",
    "Louise Simonson"
  ],
  "description": "Apocalypse, also known as En Sabah Nur, is a fictional supervillain that appears in American comic books published by Marvel Comics.",
  "images": {
    "background": null,
    "thumbnail": "http://x.annihil.us/u/prod/marvel/i/mg/f/e0/526166076a1d0/standard_xlarge.jpg"
  },
  "mainColor": null,
  "name": "Apocalypse",
  "partners": [
    "Mister Sinister",
    "Ozymandias"
  ],
  "powers": [
    "Brain–computer interface",
    "Endurance",
    "Energy manipulation",
    "Genius-level intellect",
    "Immortality",
    "Longevity",
    "Mass manipulation",
    "Power mimicry",
    "Superhuman strength",
    "Technopathy",
    "Telekinesis",
    "Telepathy"
  ],
  "ranking": {
    "comicCount": 71,
    "eventCount": 7,
    "pageviewCount": 326893,
    "serieCount": 37,
    "storyCount": 68
  },
  "secretIdentities": [
  ],
  "species": [
    "Mutant"
  ],
  "superName": "Apocalypse",
  "teams": [
    "Alliance of Evil",
    "Clan Akkaba",
    "Dark Riders",
    "Four Horsemen",
    "Horsemen of Apocalypse",
    "S.H.I.E.L.D"
  ],
  "urls": {
    "marvel": "http://marvel.com/characters/166/apocalypse",
    "wikipedia": "https://en.wikipedia.org/wiki/Apocalypse_(comics)"
  }
}