{
  "aliases": [
    "Arclight"
  ],
  "authors": [
    "Chris Claremont"
  ],
  "description": "Arclight (Philippa Sontag) is a mutant supervillainess in the Marvel Comics universe.",
  "images": {
    "background": null,
    "thumbnail": "http://x.annihil.us/u/prod/marvel/i/mg/5/f0/4c0042067fd8b/standard_xlarge.jpg"
  },
  "mainColor": null,
  "name": "Arclight",
  "partners": [
  ],
  "powers": [
    "Durability",
    "Geo tremors",
    "Resiliency",
    "Stamina",
    "Superhuman strength"
  ],
  "ranking": {
    "comicCount": 13,
    "eventCount": 3,
    "pageviewCount": 2459,
    "serieCount": 5,
    "storyCount": 12
  },
  "secretIdentities": [
    "Philippa Sontag"
  ],
  "species": [
    "Mutant"
  ],
  "superName": "Arclight",
  "teams": [
    "Femizons",
    "Marauders",
    "The 198"
  ],
  "urls": {
    "marvel": "http://marvel.com/characters/182/arclight",
    "wikipedia": "https://en.wikipedia.org/wiki/Arclight_(comics)"
  }
}