{
  "aliases": [
    "Atalanta"
  ],
  "authors": [
    "Dale Keown",
    "Peter David"
  ],
  "description": "Atalanta is a fictional character in Marvel Comics.",
  "images": {
    "background": null,
    "thumbnail": null
  },
  "mainColor": null,
  "name": "Atalanta",
  "partners": [
  ],
  "powers": [
    "Energy bow"
  ],
  "ranking": {
    "comicCount": 0,
    "eventCount": 0,
    "pageviewCount": 171,
    "serieCount": 0,
    "storyCount": 0
  },
  "secretIdentities": [
  ],
  "species": [
  ],
  "superName": "Atalanta",
  "teams": [
    "Pantheon"
  ],
  "urls": {
    "marvel": null,
    "wikipedia": "https://en.wikipedia.org/wiki/Atalanta_(Marvel_Comics)"
  }
}