{
  "aliases": [
    "Augustine Cross"
  ],
  "authors": [
    "David Michelinie",
    "John Romita Jr."
  ],
  "description": null,
  "images": {
    "background": null,
    "thumbnail": null
  },
  "mainColor": null,
  "name": "Augustine Cross",
  "partners": [
  ],
  "powers": [
  ],
  "ranking": {
    "comicCount": 0,
    "eventCount": 0,
    "pageviewCount": 0,
    "serieCount": 0,
    "storyCount": 0
  },
  "secretIdentities": [
  ],
  "species": [
  ],
  "superName": "Augustine Cross",
  "teams": [
    "Cross Technological Enterprises"
  ],
  "urls": {
    "marvel": null,
    "wikipedia": "https://en.wikipedia.org/wiki/Augustine_Cross"
  }
}