{
  "aliases": [
  ],
  "authors": [
    "John Byrne",
    "Mark Gruenwald",
    "Ralph Macchio"
  ],
  "description": null,
  "images": {
    "background": null,
    "thumbnail": null
  },
  "mainColor": null,
  "name": "Auntie Freeze",
  "partners": [
  ],
  "powers": [
  ],
  "ranking": {
    "comicCount": 0,
    "eventCount": 0,
    "pageviewCount": 131,
    "serieCount": 0,
    "storyCount": 0
  },
  "secretIdentities": [
  ],
  "species": [
  ],
  "superName": "Auntie Freeze",
  "teams": [
  ],
  "urls": {
    "marvel": null,
    "wikipedia": "https://en.wikipedia.org/wiki/Auntie_Freeze"
  }
}