{
  "aliases": [
    "Balder the Brave",
    "actual identities the character uses"
  ],
  "authors": [
    "Jack Kirby",
    "Stan Lee"
  ],
  "description": "Balder the Brave is a fictional character that appears in comic books published by Marvel Comics, based on the deity Baldr from Norse mythology.",
  "images": {
    "background": null,
    "thumbnail": "https://upload.wikimedia.org/wikipedia/en/thumb/c/c3/Balder_%28comics%29.jpg/250px-Balder_%28comics%29.jpg"
  },
  "mainColor": null,
  "name": "Balder",
  "partners": [
  ],
  "powers": [
    "Durability",
    "Light manipulation",
    "Longevity",
    "Speed",
    "Superhuman strength"
  ],
  "ranking": {
    "comicCount": 0,
    "eventCount": 0,
    "pageviewCount": 2271,
    "serieCount": 0,
    "storyCount": 0
  },
  "secretIdentities": [
    "Balder Odinson"
  ],
  "species": [
    "Asgard"
  ],
  "superName": "Balder",
  "teams": [
  ],
  "urls": {
    "marvel": null,
    "wikipedia": "https://en.wikipedia.org/wiki/Balder_(comics)"
  }
}