{
  "aliases": [
    "Banshee",
    "Sean Cassidy"
  ],
  "authors": [
    "Roy Thomas",
    "Werner Roth"
  ],
  "description": "Banshee is a fictional superhero appearing in American comic books published by Marvel Comics, commonly in association with the X-Men.",
  "images": {
    "background": null,
    "thumbnail": "http://x.annihil.us/u/prod/marvel/i/mg/b/03/52740e4619f54/standard_xlarge.jpg"
  },
  "mainColor": null,
  "name": "Banshee",
  "partners": [
  ],
  "powers": [
    "Black tom cassidy",
    "Concussive blasts",
    "Disorientation",
    "Flight",
    "Immunity to powers of",
    "Or unconsciousness",
    "Sonic energy lances",
    "Sonic screams",
    "Superhuman hearing"
  ],
  "ranking": {
    "comicCount": 166,
    "eventCount": 8,
    "pageviewCount": 7266,
    "serieCount": 44,
    "storyCount": 179
  },
  "secretIdentities": [
    "Sean Cassidy"
  ],
  "species": [
    "Mutant"
  ],
  "superName": "Banshee",
  "teams": [
    "Factor Three",
    "Generation X",
    "Horsemen of Apocalypse",
    "Horsemen of Death",
    "Interpol",
    "NYPD",
    "New York City Police Department",
    "X-Corps",
    "X-Men"
  ],
  "urls": {
    "marvel": "http://marvel.com/characters/232/banshee",
    "wikipedia": "https://en.wikipedia.org/wiki/Banshee_(comics)"
  }
}