{
  "aliases": [
    "Baron Von",
    "Baron Von Blitzschlag",
    "Blitzschlag"
  ],
  "authors": [
    "Dan Slott",
    "Stefano Caselli"
  ],
  "description": "Baron Werner Von Blitzschlag is a comic book character in Marvel Comics' main shared universe.",
  "images": {
    "background": null,
    "thumbnail": "https://upload.wikimedia.org/wikipedia/en/e/eb/BVonBlitzschlag.jpg"
  },
  "mainColor": null,
  "name": "Baron Von Blitzschlag",
  "partners": [
  ],
  "powers": [
    "An ability to generate",
    "Control electricity",
    "Genius level intellect"
  ],
  "ranking": {
    "comicCount": 0,
    "eventCount": 0,
    "pageviewCount": 769,
    "serieCount": 0,
    "storyCount": 0
  },
  "secretIdentities": [
    "Werner Von Blitzschlag"
  ],
  "species": [
  ],
  "superName": "Baron Von Blitzschlag",
  "teams": [
    "Commission on Superhuman Activities",
    "Features of the Marvel Universe",
    "Nazi Party",
    "The Initiative"
  ],
  "urls": {
    "marvel": null,
    "wikipedia": "https://en.wikipedia.org/wiki/Baron_Von_Blitzschlag"
  }
}