{
  "aliases": [
    "Baron Strucker",
    "Baron von Strucker",
    "Don Guy Antonio Caballero",
    "Emir Ali Bey",
    "Grand Imperator of THEM",
    "John Bronson",
    "Sagittarius",
    "Supreme Hydra"
  ],
  "authors": [
    "Jack Kirby",
    "Stan Lee"
  ],
  "description": "Baron Wolfgang von Strucker is a fictional supervillain appearing in American comic books published by Marvel Comics.Baron Strucker, a former Nazi officer, is one of the leaders of Hydra and an enemy of S.H.I.E.L.D., the Avengers, and the interests of the United States of America and of the free world in general.",
  "images": {
    "background": null,
    "thumbnail": "http://i.annihil.us/u/prod/marvel/i/mg/8/80/4c0041fb5a90d/standard_xlarge.jpg"
  },
  "mainColor": null,
  "name": "Baron Strucker",
  "partners": [
    "Baron Helmut Zemo",
    "Baron Zemo"
  ],
  "powers": [
    "Enhanced strength",
    "Excellent actor",
    "Healing factor",
    "High-level intellect",
    "Marksman",
    "Master of disguise",
    "Repressed aging",
    "Spy",
    "Swordsman"
  ],
  "ranking": {
    "comicCount": 26,
    "eventCount": 1,
    "pageviewCount": 11824,
    "serieCount": 14,
    "storyCount": 22
  },
  "secretIdentities": [
    "Wolfgang von Strucker"
  ],
  "species": [
  ],
  "superName": "Baron Strucker",
  "teams": [
    "Advanced Idea Mechanics",
    "Great Wheel",
    "Hydra",
    "citation needed|date"
  ],
  "urls": {
    "marvel": "http://marvel.com/characters/3240/baron_strucker",
    "wikipedia": "https://en.wikipedia.org/wiki/Baron_Strucker"
  }
}