{
  "aliases": [
    "Beetle"
  ],
  "authors": [
    "Carl Burgos",
    "Stan Lee"
  ],
  "description": "The Beetle is the name used by multiple fictional characters appearing in American comic books published by Marvel Comics.",
  "images": {
    "background": null,
    "thumbnail": "https://upload.wikimedia.org/wikipedia/en/thumb/0/03/Spider-Man_Web_of_Doom_3.jpg/250px-Spider-Man_Web_of_Doom_3.jpg"
  },
  "mainColor": null,
  "name": "Beetle",
  "partners": [
  ],
  "powers": [
  ],
  "ranking": {
    "comicCount": 0,
    "eventCount": 0,
    "pageviewCount": 2415,
    "serieCount": 0,
    "storyCount": 0
  },
  "secretIdentities": [
  ],
  "species": [
  ],
  "superName": "Beetle",
  "teams": [
  ],
  "urls": {
    "marvel": null,
    "wikipedia": "https://en.wikipedia.org/wiki/Beetle_(comics)"
  }
}