{
  "aliases": [
    "Henry Jones",
    "Peter Parker",
    "Scarlet Spider",
    "Spider-Carnage",
    "Spider-Man"
  ],
  "authors": [
    "Gerry Conway",
    "Ross Andru",
    "Spider-Man",
    "Stan Lee",
    "Steve Ditko",
    "by"
  ],
  "description": "Ben Reilly was the most genetically stable of the many clones of Spider-Man created by Professor Miles Warren, the Jackal.",
  "images": {
    "background": null,
    "thumbnail": "http://x.annihil.us/u/prod/marvel/i/mg/2/20/4ce5a6abaea69/standard_xlarge.jpg"
  },
  "mainColor": null,
  "name": "Ben Reilly",
  "partners": [
  ],
  "powers": [
    "Agility",
    "Durability",
    "Expert swordsman",
    "Genius-level intellect",
    "High pain tolerance",
    "Precognitive spider-sense",
    "Reflexes",
    "Speed",
    "Stamina",
    "Superhuman strength"
  ],
  "ranking": {
    "comicCount": 4,
    "eventCount": 0,
    "pageviewCount": 4865,
    "serieCount": 3,
    "storyCount": 4
  },
  "secretIdentities": [
    "Ben",
    "Benjamin Reilly"
  ],
  "species": [
  ],
  "superName": "Ben Reilly",
  "teams": [
    "New Warriors"
  ],
  "urls": {
    "marvel": "http://marvel.com/characters/2919/ben_reilly",
    "wikipedia": "https://en.wikipedia.org/wiki/Ben_Reilly"
  }
}