{
  "aliases": [
    "Frank",
    "Kosmos",
    "The Beyonder"
  ],
  "authors": [
    "Jim Shooter",
    "Mike Zeck"
  ],
  "description": "The Beyonder is a fictional cosmic entity appearing in American comic books published by Marvel Comics.",
  "images": {
    "background": null,
    "thumbnail": "http://x.annihil.us/u/prod/marvel/i/mg/7/10/528d31df87c49/standard_xlarge.jpg"
  },
  "mainColor": null,
  "name": "Beyonder",
  "partners": [
  ],
  "powers": [
    "Omnipotence",
    "Omnipresence",
    "Omniscience",
    "Reality warping"
  ],
  "ranking": {
    "comicCount": 2,
    "eventCount": 1,
    "pageviewCount": 10038,
    "serieCount": 2,
    "storyCount": 2
  },
  "secretIdentities": [
    "Beyonder"
  ],
  "species": [
    "Cosmic entity"
  ],
  "superName": "Beyonder",
  "teams": [
    "Beyonders"
  ],
  "urls": {
    "marvel": "http://marvel.com/characters/260/beyonder",
    "wikipedia": "https://en.wikipedia.org/wiki/Beyonder"
  }
}