{
  "aliases": [
    "Big Bertha"
  ],
  "authors": [
    "John Byrne"
  ],
  "description": "Big Bertha (Ashley Crawford) is a fictional character appearing in American comic books published by Marvel Comics.",
  "images": {
    "background": null,
    "thumbnail": "http://x.annihil.us/u/prod/marvel/i/mg/b/d0/4c0035cfca8b6/standard_xlarge.jpg"
  },
  "mainColor": null,
  "name": "Big Bertha",
  "partners": [
  ],
  "powers": [
    "Durability",
    "Leap great distances",
    "Mass of her body",
    "Skilled aircraft pilot",
    "Superhuman strength"
  ],
  "ranking": {
    "comicCount": 4,
    "eventCount": 0,
    "pageviewCount": 1605,
    "serieCount": 3,
    "storyCount": 3
  },
  "secretIdentities": [
    "Ashley Crawford"
  ],
  "species": [
    "Mutant"
  ],
  "superName": "Big Bertha",
  "teams": [
    "Great Lakes Avengers"
  ],
  "urls": {
    "marvel": "http://marvel.com/characters/2840/big_bertha",
    "wikipedia": "https://en.wikipedia.org/wiki/Big_Bertha_(comics)"
  }
}