{
  "aliases": [
    "Big Wheel"
  ],
  "authors": [
    "Marv Wolfman",
    "Mike Esposito",
    "Ross Andru"
  ],
  "description": "Big Wheel is a Marvel Comics supervillain created by Marv Wolfman, Ross Andru, and Mike Esposito.",
  "images": {
    "background": null,
    "thumbnail": "http://x.annihil.us/u/prod/marvel/i/mg/3/00/4c0040b26877d/standard_xlarge.jpg"
  },
  "mainColor": null,
  "name": "Big Wheel",
  "partners": [
  ],
  "powers": [
    "Waldo-arms"
  ],
  "ranking": {
    "comicCount": 2,
    "eventCount": 0,
    "pageviewCount": 606,
    "serieCount": 2,
    "storyCount": 2
  },
  "secretIdentities": [
    "Jackson Weele"
  ],
  "species": [
  ],
  "superName": "Big Wheel",
  "teams": [
    "Vil-Anon"
  ],
  "urls": {
    "marvel": "http://marvel.com/characters/3212/big_wheel",
    "wikipedia": "https://en.wikipedia.org/wiki/Big_Wheel_(comics)"
  }
}