{
  "aliases": [
    "Antichrist",
    "Black King",
    "Blackheart",
    "Kid Blackheart",
    "Legion",
    "Son of Satan",
    "Voice"
  ],
  "authors": [
    "Ann Nocenti",
    "Jason Aaron",
    "John Romita Jr.",
    "John Romita, Jr."
  ],
  "description": "Blackheart is a fictional demon appearing in books published by Marvel Comics, usually as an adversary to the superhero Ghost Rider.",
  "images": {
    "background": null,
    "thumbnail": "http://i.annihil.us/u/prod/marvel/i/mg/a/f0/4c0040a0ee5ba/standard_xlarge.jpg"
  },
  "mainColor": null,
  "name": "Blackheart",
  "partners": [
  ],
  "powers": [
    "Accelerated",
    "Energy manipulation",
    "Healing factor",
    "High intelligence",
    "However",
    "Magical",
    "Mystical powers",
    "Psychokinesis",
    "Reality warping",
    "Shape-shifting",
    "Telekinesis",
    "Telepathy",
    "The ghost rider"
  ],
  "ranking": {
    "comicCount": 4,
    "eventCount": 0,
    "pageviewCount": 5589,
    "serieCount": 3,
    "storyCount": 4
  },
  "secretIdentities": [
    "Unknown"
  ],
  "species": [
  ],
  "superName": "Blackheart",
  "teams": [
    "Hellfire Club"
  ],
  "urls": {
    "marvel": "http://marvel.com/characters/289/blackheart",
    "wikipedia": "https://en.wikipedia.org/wiki/Blackheart"
  }
}