{
  "aliases": [
    "Black Widow",
    "Claire Voyant"
  ],
  "authors": [
    "George Kapitan",
    "Harry Sahle"
  ],
  "description": "Black Widow (Claire Voyant) is a fictional character appearing in comic books published by Marvel Comics.",
  "images": {
    "background": "http://i.annihil.us/u/prod/marvel/i/mg/5/e0/537ba452ba274.gif",
    "thumbnail": "https://upload.wikimedia.org/wikipedia/en/b/b3/Black-Widow.jpg"
  },
  "mainColor": {
    "blue": 6,
    "green": 6,
    "hexa": "3F0606",
    "red": 63
  },
  "name": "Black Widow (Claire Voyant)",
  "partners": [
  ],
  "powers": [
    "Appearance alteration",
    "Death touch",
    "Enhanced endurance",
    "Flight",
    "Immortality",
    "Invisibility",
    "Mental suggestion",
    "Superhuman strength",
    "Teleportation"
  ],
  "ranking": {
    "comicCount": 294,
    "eventCount": 8,
    "pageviewCount": 1620,
    "serieCount": 125,
    "storyCount": 307
  },
  "secretIdentities": [
    "Claire Voyant"
  ],
  "species": [
  ],
  "superName": "Black Widow",
  "teams": [
    "The Twelve"
  ],
  "urls": {
    "marvel": "http://marvel.com/characters/6/black_widow",
    "wikipedia": "https://en.wikipedia.org/wiki/Black_Widow_(Claire_Voyant)"
  }
}