{
  "aliases": [
    "Blackout"
  ],
  "authors": [
    "Carmine Infantino",
    "Howard Mackie",
    "Javier Saltares",
    "Marv Wolfman",
    "Tom Palmer"
  ],
  "description": "Blackout is a fictional character, a supervillain in Marvel Comics.",
  "images": {
    "background": null,
    "thumbnail": "http://x.annihil.us/u/prod/marvel/i/mg/c/60/4ce5a6b641eb9/standard_xlarge.jpg"
  },
  "mainColor": null,
  "name": "Blackout",
  "partners": [
    "Baron Zemo",
    "Deathwatch",
    "Lilith",
    "Moonstone"
  ],
  "powers": [
    "Darkforce",
    "Darkforce manipulation",
    "Durability",
    "Energy blasts",
    "Flight",
    "Manipulation",
    "Portal creation",
    "Reflexes",
    "Speed",
    "Superhuman strength",
    "Teeth"
  ],
  "ranking": {
    "comicCount": 1,
    "eventCount": 0,
    "pageviewCount": 4923,
    "serieCount": 1,
    "storyCount": 2
  },
  "secretIdentities": [
    "Marcus Daniels"
  ],
  "species": [
    "Demon Hybrid",
    "Human"
  ],
  "superName": "Blackout",
  "teams": [
    "Masters of Evil",
    "The Firm",
    "Thunderbolts"
  ],
  "urls": {
    "marvel": "http://marvel.com/characters/291/blackout",
    "wikipedia": "https://en.wikipedia.org/wiki/Blackout_(comics)"
  }
}