{
  "aliases": [
    "Black Mariah"
  ],
  "authors": [
    "Billy Graham",
    "George Tuska",
    "Steve Englehart"
  ],
  "description": null,
  "images": {
    "background": null,
    "thumbnail": null
  },
  "mainColor": null,
  "name": "Black Mariah",
  "partners": [
    "White Jennie"
  ],
  "powers": [
  ],
  "ranking": {
    "comicCount": 0,
    "eventCount": 0,
    "pageviewCount": 0,
    "serieCount": 0,
    "storyCount": 0
  },
  "secretIdentities": [
  ],
  "species": [
  ],
  "superName": "Black Mariah",
  "teams": [
    "Rat Pack"
  ],
  "urls": {
    "marvel": null,
    "wikipedia": "https://en.wikipedia.org/wiki/Black_Mariah_(comics)"
  }
}