{
  "aliases": [
    "Black Crow",
    "actual identities the character uses"
  ],
  "authors": [
    "J. M. DeMatteis",
    "J.M. DeMatteis",
    "Paul Neary"
  ],
  "description": "Black Crow (Jesse Black Crow) is a fictional Native American superhero published by Marvel Comics.",
  "images": {
    "background": null,
    "thumbnail": "https://upload.wikimedia.org/wikipedia/en/thumb/8/87/Black_Crow_%28Marvel_character%29.jpg/250px-Black_Crow_%28Marvel_character%29.jpg"
  },
  "mainColor": null,
  "name": "Black Crow",
  "partners": [
  ],
  "powers": [
    "Skilled combatant",
    "Superhuman agility",
    "Various mystical powers"
  ],
  "ranking": {
    "comicCount": 0,
    "eventCount": 0,
    "pageviewCount": 281,
    "serieCount": 0,
    "storyCount": 0
  },
  "secretIdentities": [
    "Jesse Black Crow"
  ],
  "species": [
  ],
  "superName": "Black Crow",
  "teams": [
  ],
  "urls": {
    "marvel": null,
    "wikipedia": "https://en.wikipedia.org/wiki/Black_Crow_(comics)"
  }
}