{
  "aliases": [
    "Blink",
    "Clarice Ferguson"
  ],
  "authors": [
    "Joe Madureira",
    "Scott Lobdell"
  ],
  "description": "Blink (Clarice Ferguson) is a fictional character, a superheroine who appears in American comic books published by Marvel Comics, as well as in a number of movie, television, and video game adaptations; typically in fiction related to the X-Men.",
  "images": {
    "background": null,
    "thumbnail": "http://x.annihil.us/u/prod/marvel/i/mg/f/d0/4ce59eeb38a9a/standard_xlarge.jpg"
  },
  "mainColor": null,
  "name": "Blink",
  "partners": [
    "Selene"
  ],
  "powers": [
    "Portal creation",
    "Teleportation"
  ],
  "ranking": {
    "comicCount": 42,
    "eventCount": 3,
    "pageviewCount": 8645,
    "serieCount": 19,
    "storyCount": 44
  },
  "secretIdentities": [
    "Clarice Ferguson"
  ],
  "species": [
    "Mutant"
  ],
  "superName": "Blink",
  "teams": [
    "Age of Apocalypse",
    "Exiles",
    "New Mutants",
    "X-Men"
  ],
  "urls": {
    "marvel": "http://marvel.com/characters/303/blink",
    "wikipedia": "https://en.wikipedia.org/wiki/Blink_(comics)"
  }
}