{
  "aliases": [
    "Bloke",
    "Rainbow"
  ],
  "authors": [
    "Mike Allred",
    "Peter Milligan"
  ],
  "description": "Bloke (Mickey Tork), also known as Rainbow, is a fictional character, a mutant in the Marvel Universe.",
  "images": {
    "background": null,
    "thumbnail": "http://x.annihil.us/u/prod/marvel/i/mg/2/60/4c00409415b3b/standard_xlarge.jpg"
  },
  "mainColor": null,
  "name": "Bloke",
  "partners": [
  ],
  "powers": [
    "Camouflage",
    "Durability",
    "Endurance",
    "Reflexes",
    "Superhuman strength"
  ],
  "ranking": {
    "comicCount": 3,
    "eventCount": 0,
    "pageviewCount": 367,
    "serieCount": 2,
    "storyCount": 2
  },
  "secretIdentities": [
    "Mickey Tork"
  ],
  "species": [
    "Mutant"
  ],
  "superName": "Bloke",
  "teams": [
    "X-Force"
  ],
  "urls": {
    "marvel": "http://marvel.com/characters/311/bloke",
    "wikipedia": "https://en.wikipedia.org/wiki/Bloke_(comics)"
  }
}