{
  "aliases": [
    "Bloodscream",
    "Bloodsport"
  ],
  "authors": [
    "Chris Claremont",
    "John Buscema"
  ],
  "description": "Bloodscream is a fictional character, a comic book supervillain in the Marvel Comics universe and an enemy of Wolverine.",
  "images": {
    "background": null,
    "thumbnail": "http://x.annihil.us/u/prod/marvel/i/mg/6/e0/4c7c647c3f069/standard_xlarge.jpg"
  },
  "mainColor": null,
  "name": "Bloodscream",
  "partners": [
  ],
  "powers": [
    "Agility",
    "Extended lifespan",
    "Healing factor",
    "Limited shape-shifting",
    "Reflexes",
    "Regenerative",
    "Speed",
    "Stamina",
    "Superhuman strength"
  ],
  "ranking": {
    "comicCount": 5,
    "eventCount": 0,
    "pageviewCount": 522,
    "serieCount": 2,
    "storyCount": 6
  },
  "secretIdentities": [
  ],
  "species": [
  ],
  "superName": "Bloodscream",
  "teams": [
  ],
  "urls": {
    "marvel": "http://marvel.com/characters/319/bloodscream",
    "wikipedia": "https://en.wikipedia.org/wiki/Bloodscream"
  }
}