{
  "aliases": [
    "Blue Blade"
  ],
  "authors": [
    "Charles Nicholas",
    "Syd Shores"
  ],
  "description": "The Blue Blade (real name Roy Chambers) is an American comic book character owned by Marvel Comics who exists in that company's Marvel Universe.",
  "images": {
    "background": null,
    "thumbnail": "http://x.annihil.us/u/prod/marvel/i/mg/b/e0/4ce5a4b76d1c0/standard_xlarge.jpg"
  },
  "mainColor": null,
  "name": "Blue Blade",
  "partners": [
  ],
  "powers": [
    "Expert",
    "Expert fencer",
    "Fencer"
  ],
  "ranking": {
    "comicCount": 1,
    "eventCount": 0,
    "pageviewCount": 276,
    "serieCount": 1,
    "storyCount": 1
  },
  "secretIdentities": [
    "Roy Chambers"
  ],
  "species": [
  ],
  "superName": "Blue Blade",
  "teams": [
    "The Twelve"
  ],
  "urls": {
    "marvel": "http://marvel.com/characters/324/blue_blade",
    "wikipedia": "https://en.wikipedia.org/wiki/Blue_Blade"
  }
}