{
  "aliases": [
    "Brain Drain"
  ],
  "authors": [
    "Frank Robbins",
    "Roy Thomas"
  ],
  "description": "Brain Drain is a fictional character that appears in comic books published by Marvel Comics.",
  "images": {
    "background": null,
    "thumbnail": "https://upload.wikimedia.org/wikipedia/en/thumb/f/f4/BrainDrain.jpg/250px-BrainDrain.jpg"
  },
  "mainColor": null,
  "name": "Brain Drain",
  "partners": [
  ],
  "powers": [
    "Brilliant scientist",
    "Mind control",
    "Robot body"
  ],
  "ranking": {
    "comicCount": 0,
    "eventCount": 0,
    "pageviewCount": 330,
    "serieCount": 0,
    "storyCount": 0
  },
  "secretIdentities": [
    "Werner Schmidt"
  ],
  "species": [
  ],
  "superName": "Brain Drain",
  "teams": [
    "Omega Flight"
  ],
  "urls": {
    "marvel": null,
    "wikipedia": "https://en.wikipedia.org/wiki/Brain_Drain_(comics)"
  }
}