{
  "aliases": [
    "Brother Voodoo",
    "Doctor Voodoo",
    "He-Who-Has-Died-Twice",
    "Houngan Supreme",
    "Jericho Drumm",
    "Lord of the Loa",
    "Sorcerer Supreme",
    "Voodoo Lord; Master of All Reptiles",
    "and the Spirit World",
    "brother voodoo",
    "the Spirit World",
    "the Voudoun"
  ],
  "authors": [
  ],
  "description": "Brother Voodoo (Jericho Drumm) is a fictional character, a supernatural superhero in the Marvel Universe.",
  "images": {
    "background": null,
    "thumbnail": "https://upload.wikimedia.org/wikipedia/en/thumb/1/1a/BrotherVoodoo.png/225px-BrotherVoodoo.png"
  },
  "mainColor": null,
  "name": "Brother Voodoo",
  "partners": [
  ],
  "powers": [
    "Able to speak to the loa",
    "Asking favors",
    "Cloak of levitation",
    "Daniel",
    "Eye of agamotto",
    "Fire manipulation",
    "Hypnosis",
    "Immunity to fire",
    "Loa",
    "Sorcerer supreme",
    "Spirit possession",
    "Superhuman strength",
    "The",
    "The books of knowledge",
    "The cloak of levitation"
  ],
  "ranking": {
    "comicCount": 0,
    "eventCount": 0,
    "pageviewCount": 3570,
    "serieCount": 0,
    "storyCount": 0
  },
  "secretIdentities": [
    "Jericho Drumm"
  ],
  "species": [
  ],
  "superName": "Brother Voodoo",
  "teams": [
    "Avengers Unity Division",
    "Heroes for Hire",
    "New Avengers",
    "Nick Fury's Howling Commandos",
    "S.H.I.E.L.D. Paranormal Containment Unit",
    "The New Avengers",
    "Uncanny Avengers"
  ],
  "urls": {
    "marvel": null,
    "wikipedia": "https://en.wikipedia.org/wiki/Brother_Voodoo"
  }
}