{
  "aliases": [
    "Callisto"
  ],
  "authors": [
    "Chris Claremont",
    "Paul Smith"
  ],
  "description": "Callisto is a fictional character who appears in American comic books published by Marvel Comics and is associated with the X-Men.",
  "images": {
    "background": null,
    "thumbnail": "http://x.annihil.us/u/prod/marvel/i/mg/f/90/4c004082711b8/standard_xlarge.jpg"
  },
  "mainColor": null,
  "name": "Callisto",
  "partners": [
  ],
  "powers": [
    "Accelerated",
    "Agility",
    "Healing factor",
    "Heightened strength",
    "Reflexes",
    "Speed",
    "Superhuman senses"
  ],
  "ranking": {
    "comicCount": 31,
    "eventCount": 2,
    "pageviewCount": 4989,
    "serieCount": 9,
    "storyCount": 28
  },
  "secretIdentities": [
  ],
  "species": [
    "Mutant"
  ],
  "superName": "Callisto",
  "teams": [
    "Gene Nation",
    "Genoshan Excalibur",
    "Morlocks",
    "The Arena",
    "X-Cell"
  ],
  "urls": {
    "marvel": "http://marvel.com/characters/376/callisto",
    "wikipedia": "https://en.wikipedia.org/wiki/Callisto_(comics)"
  }
}