{
  "aliases": [
    "Calypso",
    "Kraven Witch",
    "The Witch"
  ],
  "authors": [
    "Alan Weiss",
    "Dennis O'Neil",
    "Denny O'Neil"
  ],
  "description": "Calypso is a fictional villain in the Marvel Comics universe, who first appeared in Amazing Spider-Man #209.",
  "images": {
    "background": null,
    "thumbnail": "http://i.annihil.us/u/prod/marvel/i/mg/9/b0/4ce59f17087ab/standard_xlarge.jpg"
  },
  "mainColor": null,
  "name": "Calypso",
  "partners": [
  ],
  "powers": [
    "Mind control",
    "Resurrection",
    "Use of potions"
  ],
  "ranking": {
    "comicCount": 5,
    "eventCount": 1,
    "pageviewCount": 1391,
    "serieCount": 2,
    "storyCount": 5
  },
  "secretIdentities": [
    "Calypso Ezili"
  ],
  "species": [
  ],
  "superName": "Calypso",
  "teams": [
  ],
  "urls": {
    "marvel": "http://marvel.com/characters/377/calypso",
    "wikipedia": "https://en.wikipedia.org/wiki/Calypso_(comics)"
  }
}