{
  "aliases": [
    "Avalon",
    "Avenger",
    "Captain",
    "Captain Avalon",
    "Captain Avenger",
    "Captain Kerosene",
    "Captain L. Ron",
    "Captain Marvel",
    "Captain Power",
    "Captain Ron",
    "Captain Ultra",
    "Captain Universe",
    "Captain ☠☠☠☠",
    "Kerosene",
    "L. Ron"
  ],
  "authors": [
    "Stuart Immonen",
    "Warren Ellis"
  ],
  "description": "The Captain (formerly Captain ☠☠☠☠, with the crosses denoting censorship of an expletive) is a fictional character, a satiric Marvel Comics superhero  appearing in the book Nextwave.",
  "images": {
    "background": null,
    "thumbnail": null
  },
  "mainColor": null,
  "name": "Captain",
  "partners": [
  ],
  "powers": [
    "Endurance",
    "Flight & enhanced sight"
  ],
  "ranking": {
    "comicCount": 0,
    "eventCount": 0,
    "pageviewCount": 538,
    "serieCount": 0,
    "storyCount": 0
  },
  "secretIdentities": [
  ],
  "species": [
  ],
  "superName": "Captain",
  "teams": [
    "Features of the Marvel Universe",
    "H.A.T.E",
    "Nextwave"
  ],
  "urls": {
    "marvel": null,
    "wikipedia": "https://en.wikipedia.org/wiki/Captain_(comics)"
  }
}