{
  "aliases": [
    "Cardiac"
  ],
  "authors": [
    "David Michelinie",
    "Erik Larsen"
  ],
  "description": "Cardiac (Elias Wirtham) is a fictional character, a comic book vigilante hero appearing in publications from Marvel Comics.",
  "images": {
    "background": null,
    "thumbnail": "http://x.annihil.us/u/prod/marvel/i/mg/2/70/4c003117e0b75/standard_xlarge.jpg"
  },
  "mainColor": null,
  "name": "Cardiac",
  "partners": [
  ],
  "powers": [
    "Accomplished physician",
    "Agility",
    "Endurance",
    "Enhanced speed",
    "Reflexes",
    "Regeneration",
    "Superhuman strength",
    "Surgeon",
    "Wields a pulse staff"
  ],
  "ranking": {
    "comicCount": 2,
    "eventCount": 0,
    "pageviewCount": 803,
    "serieCount": 1,
    "storyCount": 2
  },
  "secretIdentities": [
    "Elias Wirtham"
  ],
  "species": [
  ],
  "superName": "Cardiac",
  "teams": [
    "H.E.A.R.T. Clinic",
    "Parker Industries"
  ],
  "urls": {
    "marvel": "http://marvel.com/characters/393/cardiac",
    "wikipedia": "https://en.wikipedia.org/wiki/Cardiac_(comics)"
  }
}