{
  "aliases": [
    "Catseye"
  ],
  "authors": [
    "Chris Claremont",
    "Sal Buscema"
  ],
  "description": "Catseye (Sharon Smith) is a fictional character, a mutant in the Marvel Universe.",
  "images": {
    "background": null,
    "thumbnail": "http://i.annihil.us/u/prod/marvel/i/mg/f/60/4c002e0305708/standard_xlarge.gif"
  },
  "mainColor": null,
  "name": "Catseye",
  "partners": [
  ],
  "powers": [
  ],
  "ranking": {
    "comicCount": 1,
    "eventCount": 0,
    "pageviewCount": 604,
    "serieCount": 1,
    "storyCount": 1
  },
  "secretIdentities": [
    "Sharon Smith"
  ],
  "species": [
    "Mutant"
  ],
  "superName": "Catseye",
  "teams": [
    "Hellions",
    "New Mutants"
  ],
  "urls": {
    "marvel": "http://marvel.com/characters/403/catseye",
    "wikipedia": "https://en.wikipedia.org/wiki/Catseye"
  }
}