{
  "aliases": [
    "Chameleon",
    "Dr. Turner",
    "General Ross",
    "J. Jonah Jameson",
    "Peter Parker",
    "many others"
  ],
  "authors": [
    "Stan Lee",
    "Steve Ditko"
  ],
  "description": "The Chameleon is a fictional character that appears in comic books published by Marvel Comics.",
  "images": {
    "background": null,
    "thumbnail": "http://x.annihil.us/u/prod/marvel/i/mg/7/00/4ce59f390463f/standard_xlarge.jpg"
  },
  "mainColor": null,
  "name": "Chameleon",
  "partners": [
    "Doctor Octopus",
    "Electro",
    "Hammerhead",
    "Kingpin",
    "Kraven the Hunter",
    "Leader",
    "Red Skull"
  ],
  "powers": [
    "Brilliant method actor",
    "Endurance",
    "Enhanced strength",
    "Impressionist",
    "Longevity",
    "Master of disguise"
  ],
  "ranking": {
    "comicCount": 25,
    "eventCount": 0,
    "pageviewCount": 4049,
    "serieCount": 11,
    "storyCount": 22
  },
  "secretIdentities": [
    "Dmitri Anatoly Nikolayevich Smerdyakov"
  ],
  "species": [
  ],
  "superName": "Chameleon",
  "teams": [
    "Exterminators",
    "HYDRA",
    "Hydra",
    "KGB",
    "KGB Sinister Twelve",
    "Kravinoff Family",
    "Sinister Six",
    "Sinister Twelve"
  ],
  "urls": {
    "marvel": "http://marvel.com/characters/418/chameleon",
    "wikipedia": "https://en.wikipedia.org/wiki/Chameleon_(comics)"
  }
}