{
  "aliases": [
    "Chase Stein",
    "Chasehawk",
    "Darkhawk",
    "Neo",
    "Talkback"
  ],
  "authors": [
    "Adrian Alphona",
    "Brian K. Vaughan"
  ],
  "description": "Chase Stein is the son of mad scientists Victor and Janet Stein and is the tech genius of the Runaways.",
  "images": {
    "background": null,
    "thumbnail": "http://x.annihil.us/u/prod/marvel/i/mg/b/d0/4ce5a2e831d0c/standard_xlarge.jpg"
  },
  "mainColor": null,
  "name": "Chase Stein",
  "partners": [
  ],
  "powers": [
    "Boots",
    "Deinonychus",
    "Mechanic",
    "Pilot",
    "Skilled",
    "Skilled pilot"
  ],
  "ranking": {
    "comicCount": 7,
    "eventCount": 0,
    "pageviewCount": 1619,
    "serieCount": 4,
    "storyCount": 5
  },
  "secretIdentities": [
    "Chase Stein"
  ],
  "species": [
  ],
  "superName": "Chase Stein",
  "teams": [
    "Runaways"
  ],
  "urls": {
    "marvel": "http://marvel.com/characters/2819/chase_stein",
    "wikipedia": "https://en.wikipedia.org/wiki/Chase_Stein"
  }
}