{
  "aliases": [
    "Cipher",
    "Cipher (Marvel Comics)"
  ],
  "authors": [
    "Marc Guggenheim",
    "Rafa Sandoval"
  ],
  "description": "Cipher (Alisa Tager) is a fictional mutant character, a superhero in comic books published by Marvel Comics.",
  "images": {
    "background": null,
    "thumbnail": "https://upload.wikimedia.org/wikipedia/en/thumb/5/54/X-men_Cipher_main.jpg/250px-X-men_Cipher_main.jpg"
  },
  "mainColor": null,
  "name": "Cipher",
  "partners": [
  ],
  "powers": [
    "Complete stealth",
    "Invisibility",
    "Phasing/intangibility"
  ],
  "ranking": {
    "comicCount": 0,
    "eventCount": 0,
    "pageviewCount": 874,
    "serieCount": 0,
    "storyCount": 0
  },
  "secretIdentities": [
    "Alisa Tager"
  ],
  "species": [
    "Human Mutant"
  ],
  "superName": "Cipher",
  "teams": [
    "Jean Grey School Students",
    "X-Men-In-Training",
    "Young X-Men"
  ],
  "urls": {
    "marvel": null,
    "wikipedia": "https://en.wikipedia.org/wiki/Cipher_(comics)"
  }
}