{
  "aliases": [
    "Colossus",
    "Juggernaut",
    "Peter Nicholas",
    "Peter Rasputin",
    "Piotr Rasputin",
    "Rasputin"
  ],
  "authors": [
    "Dave Cockrum",
    "Len Wein"
  ],
  "description": "Colossus (Piotr Nikolaievitch Rasputin) is a fictional superhero appearing in American comic books published by Marvel Comics, commonly in association with the X-Men.",
  "images": {
    "background": null,
    "thumbnail": "http://x.annihil.us/u/prod/marvel/i/mg/6/e0/51127cf4b996f/standard_xlarge.jpg"
  },
  "mainColor": null,
  "name": "Colossus",
  "partners": [
  ],
  "powers": [
    "Durability",
    "Organic steel",
    "Resistance to injury",
    "Stamina",
    "Steel",
    "Swordsman",
    "Trained acrobat",
    "Unstoppable momentum"
  ],
  "ranking": {
    "comicCount": 554,
    "eventCount": 22,
    "pageviewCount": 42689,
    "serieCount": 149,
    "storyCount": 667
  },
  "secretIdentities": [
    "Peter",
    "Piotr Nikolaievitch Rasputin"
  ],
  "species": [
    "Mutant"
  ],
  "superName": "Colossus",
  "teams": [
    "Acolytes",
    "Defenders",
    "Excalibur",
    "Phoenix Five",
    "Phoenix Force",
    "X-Force",
    "X-Men"
  ],
  "urls": {
    "marvel": "http://marvel.com/characters/450/colossus",
    "wikipedia": "https://en.wikipedia.org/wiki/Colossus_(comics)"
  }
}