{
  "aliases": [
    "Commander Kraken"
  ],
  "authors": [
    "Roy Thomas",
    "Sal Buscema"
  ],
  "description": "Commander Kraken is a fictional character in Marvel Comics.",
  "images": {
    "background": null,
    "thumbnail": "https://upload.wikimedia.org/wikipedia/en/thumb/6/6b/Cm.Kraken.jpg/250px-Cm.Kraken.jpg"
  },
  "mainColor": null,
  "name": "Commander Kraken",
  "partners": [
  ],
  "powers": [
  ],
  "ranking": {
    "comicCount": 0,
    "eventCount": 0,
    "pageviewCount": 515,
    "serieCount": 0,
    "storyCount": 0
  },
  "secretIdentities": [
  ],
  "species": [
  ],
  "superName": "Commander Kraken",
  "teams": [
    "HYDRA",
    "Hydra"
  ],
  "urls": {
    "marvel": null,
    "wikipedia": "https://en.wikipedia.org/wiki/Commander_Kraken"
  }
}