{
  "aliases": [
    "Count Nefaria",
    "The Dream Master"
  ],
  "authors": [
    "Don Heck",
    "Stan Lee"
  ],
  "description": "Count Nefaria is a fictional character that appears in comic books published by Marvel Comics.",
  "images": {
    "background": null,
    "thumbnail": "http://x.annihil.us/u/prod/marvel/i/mg/f/a0/4c00405d04674/standard_xlarge.jpg"
  },
  "mainColor": null,
  "name": "Count Nefaria",
  "partners": [
  ],
  "powers": [
    "Agility",
    "Durability",
    "Flight",
    "Healing",
    "Longevity",
    "Optic blasts",
    "Reflexes",
    "Speed",
    "Stamina",
    "Superhuman strength"
  ],
  "ranking": {
    "comicCount": 16,
    "eventCount": 0,
    "pageviewCount": 2556,
    "serieCount": 12,
    "storyCount": 11
  },
  "secretIdentities": [
    "Luchino Nefaria"
  ],
  "species": [
  ],
  "superName": "Count Nefaria",
  "teams": [
    "Ani-Men",
    "Death Squad",
    "Legion of the Unliving",
    "Lethal Legion",
    "Maggia"
  ],
  "urls": {
    "marvel": "http://marvel.com/characters/2696/count_nefaria",
    "wikipedia": "https://en.wikipedia.org/wiki/Count_Nefaria"
  }
}