{
  "aliases": [
    "Cyber"
  ],
  "authors": [
    "Peter David",
    "Sam Kieth"
  ],
  "description": "Cyber is a fictional comic book supervillain appearing in books published by Marvel Comics, usually as an enemy of Wolverine of the X-Men.",
  "images": {
    "background": null,
    "thumbnail": "http://x.annihil.us/u/prod/marvel/i/mg/1/f0/4c0040521bc06/standard_xlarge.jpg"
  },
  "mainColor": null,
  "name": "Cyber",
  "partners": [
  ],
  "powers": [
    "Adamantium skin",
    "Retractable claws",
    "Stamina",
    "Superhuman strength"
  ],
  "ranking": {
    "comicCount": 11,
    "eventCount": 0,
    "pageviewCount": 1592,
    "serieCount": 3,
    "storyCount": 13
  },
  "secretIdentities": [
    "Milo Gunderson",
    "Silas Burr"
  ],
  "species": [
    "Mutant"
  ],
  "superName": "Cyber",
  "teams": [
    "Hell's Belles",
    "Pinkerton National Detective Agency",
    "The Coven",
    "Undisclosed Canadian Paramilitary Training Facility",
    "Unnamed Drug Cartel"
  ],
  "urls": {
    "marvel": "http://marvel.com/characters/486/cyber",
    "wikipedia": "https://en.wikipedia.org/wiki/Cyber_(comics)"
  }
}