{
  "aliases": [
    "D'Spayre",
    "D'Spayre often masquerades as persons trusted by his victims"
  ],
  "authors": [
    "Chris Claremont",
    "John Byrne"
  ],
  "description": null,
  "images": {
    "background": null,
    "thumbnail": "https://upload.wikimedia.org/wikipedia/en/3/36/Dspayreface.jpg"
  },
  "mainColor": null,
  "name": "D'Spayre",
  "partners": [
  ],
  "powers": [
    "Illusion casting"
  ],
  "ranking": {
    "comicCount": 0,
    "eventCount": 0,
    "pageviewCount": 971,
    "serieCount": 0,
    "storyCount": 0
  },
  "secretIdentities": [
  ],
  "species": [
  ],
  "superName": "D'Spayre",
  "teams": [
    "Fear Lords"
  ],
  "urls": {
    "marvel": null,
    "wikipedia": "https://en.wikipedia.org/wiki/D%27Spayre"
  }
}