{
  "aliases": [
    "Daken",
    "Daken Akihiro",
    "Dark Wolverine",
    "Death",
    "Wolverine"
  ],
  "authors": [
    "Daniel Way",
    "Steve Dillon"
  ],
  "description": "Akihiro, codename Daken is a fictional comic book supervillain licensed by Marvel Comics.",
  "images": {
    "background": null,
    "thumbnail": "http://x.annihil.us/u/prod/marvel/i/mg/3/a0/520289a920fd9/standard_xlarge.jpg"
  },
  "mainColor": null,
  "name": "Daken",
  "partners": [
  ],
  "powers": [
    "Excellent martial artist",
    "Hyper senses",
    "Immunity to telepathy",
    "Pheromone manipulation",
    "Retractable claws"
  ],
  "ranking": {
    "comicCount": 33,
    "eventCount": 1,
    "pageviewCount": 10596,
    "serieCount": 11,
    "storyCount": 35
  },
  "secretIdentities": [
    "Akihiro"
  ],
  "species": [
    "Mutant"
  ],
  "superName": "Daken",
  "teams": [
    "Brotherhood of Mutants",
    "Dark Avengers",
    "Dark X-Men",
    "Horsemen of Apocalypse",
    "Horsemen of Death"
  ],
  "urls": {
    "marvel": "http://marvel.com/characters/497/daken",
    "wikipedia": "https://en.wikipedia.org/wiki/Daken"
  }
}