{
  "aliases": [
    "Danger",
    "Danger Room"
  ],
  "authors": [
    "Jack Kirby",
    "John Cassaday",
    "Joss Whedon"
  ],
  "description": "The Danger Room is a fictional training facility built for the X-Men of Marvel Comics as part of the various incarnations of the X-Mansion.",
  "images": {
    "background": null,
    "thumbnail": "https://upload.wikimedia.org/wikipedia/en/thumb/5/5b/Danger_room.jpg/220px-Danger_room.jpg"
  },
  "mainColor": null,
  "name": "Danger Room",
  "partners": [
    "Gambit",
    "Ord",
    "Rogue"
  ],
  "powers": [
    "Durability",
    "Energy blasts",
    "Enhanced strength",
    "Flight"
  ],
  "ranking": {
    "comicCount": 0,
    "eventCount": 0,
    "pageviewCount": 1782,
    "serieCount": 0,
    "storyCount": 0
  },
  "secretIdentities": [
    "Inapplicable"
  ],
  "species": [
  ],
  "superName": "Danger Room",
  "teams": [
    "X-Club",
    "X-Factor",
    "X-Men"
  ],
  "urls": {
    "marvel": null,
    "wikipedia": "https://en.wikipedia.org/wiki/Danger_Room"
  }
}