{
  "aliases": [
    "Daniel Drumm",
    "Doctor Voodoo"
  ],
  "authors": [
    "Gene Colan",
    "Len Wein"
  ],
  "description": "Daniel Drumm is a fictional character in Marvel Comics.",
  "images": {
    "background": null,
    "thumbnail": null
  },
  "mainColor": null,
  "name": "Daniel Drumm",
  "partners": [
  ],
  "powers": [
    "Many magic abilities"
  ],
  "ranking": {
    "comicCount": 0,
    "eventCount": 0,
    "pageviewCount": 391,
    "serieCount": 0,
    "storyCount": 0
  },
  "secretIdentities": [
    "Daniel Drumm"
  ],
  "species": [
  ],
  "superName": "Daniel Drumm",
  "teams": [
  ],
  "urls": {
    "marvel": null,
    "wikipedia": "https://en.wikipedia.org/wiki/Daniel_Drumm"
  }
}