{
  "aliases": [
  ],
  "authors": [
    "Various"
  ],
  "description": null,
  "images": {
    "background": null,
    "thumbnail": "https://upload.wikimedia.org/wikipedia/en/thumb/9/96/Kraken8.jpg/240px-Kraken8.jpg"
  },
  "mainColor": null,
  "name": "Daniel Whitehall",
  "partners": [
  ],
  "powers": [
  ],
  "ranking": {
    "comicCount": 0,
    "eventCount": 0,
    "pageviewCount": 1051,
    "serieCount": 0,
    "storyCount": 0
  },
  "secretIdentities": [
  ],
  "species": [
  ],
  "superName": "Daniel Whitehall",
  "teams": [
  ],
  "urls": {
    "marvel": null,
    "wikipedia": "https://en.wikipedia.org/wiki/Daniel_Whitehall"
  }
}