{
  "aliases": [
    "Dark Angel",
    "Hell's Angel"
  ],
  "authors": [
    "Bernie Jaye",
    "Geoff Senior"
  ],
  "description": "Dark Angel is the name used by two fictional characters in Marvel UK, though they have no other relation.",
  "images": {
    "background": null,
    "thumbnail": null
  },
  "mainColor": null,
  "name": "Dark Angel",
  "partners": [
  ],
  "powers": [
  ],
  "ranking": {
    "comicCount": 0,
    "eventCount": 0,
    "pageviewCount": 385,
    "serieCount": 0,
    "storyCount": 0
  },
  "secretIdentities": [
    "Shevaun Haldane"
  ],
  "species": [
    "Mutant"
  ],
  "superName": "Dark Angel",
  "teams": [
    "MI-13"
  ],
  "urls": {
    "marvel": null,
    "wikipedia": "https://en.wikipedia.org/wiki/Dark_Angel_(Marvel_Comics)"
  }
}