{
  "aliases": [
    "Armando Muñoz",
    "Darwin"
  ],
  "authors": [
    "Ed Brubaker",
    "Pete Woods"
  ],
  "description": "Darwin (Armando Muñoz) is a mutant superhero in the Marvel Comics Universe.",
  "images": {
    "background": null,
    "thumbnail": "http://x.annihil.us/u/prod/marvel/i/mg/2/60/4c003269b12a4/standard_xlarge.jpg"
  },
  "mainColor": null,
  "name": "Darwin",
  "partners": [
  ],
  "powers": [
    "Reactive evolution"
  ],
  "ranking": {
    "comicCount": 0,
    "eventCount": 0,
    "pageviewCount": 5318,
    "serieCount": 0,
    "storyCount": 0
  },
  "secretIdentities": [
    "Armando Muñoz"
  ],
  "species": [
    "Mutant"
  ],
  "superName": "Darwin",
  "teams": [
    "X-Factor Investigations",
    "X-Men"
  ],
  "urls": {
    "marvel": "http://marvel.com/characters/514/darwin",
    "wikipedia": "https://en.wikipedia.org/wiki/Darwin_(comics)"
  }
}