{
  "aliases": [
    "Death's Head",
    "actual identities the character uses"
  ],
  "authors": [
    "Geoff Senior",
    "Simon Furman"
  ],
  "description": null,
  "images": {
    "background": null,
    "thumbnail": "https://upload.wikimedia.org/wikipedia/en/b/ba/Deathsheadcomic.jpg"
  },
  "mainColor": null,
  "name": "Death's Head",
  "partners": [
  ],
  "powers": [
    "Agility",
    "Durability",
    "Expert tracker",
    "Reflexes",
    "Robotic strength",
    "Speed",
    "Vision"
  ],
  "ranking": {
    "comicCount": 0,
    "eventCount": 0,
    "pageviewCount": 2105,
    "serieCount": 0,
    "storyCount": 0
  },
  "secretIdentities": [
  ],
  "species": [
  ],
  "superName": "Death's Head",
  "teams": [
  ],
  "urls": {
    "marvel": null,
    "wikipedia": "https://en.wikipedia.org/wiki/Death%27s_Head"
  }
}