{
  "aliases": [
    "Deathlok"
  ],
  "authors": [
    "Doug Moench",
    "Dwayne McDuffie",
    "Gregory Wright",
    "Jackson Guice",
    "Mike Perkins",
    "Nathan Edmondson",
    "Rich Buckler"
  ],
  "description": "&nbsp;",
  "images": {
    "background": null,
    "thumbnail": "http://x.annihil.us/u/prod/marvel/i/mg/7/10/526165a98dd8e/standard_xlarge.jpg"
  },
  "mainColor": null,
  "name": "Deathlok",
  "partners": [
  ],
  "powers": [
    "Durability",
    "Reflexes",
    "Strength"
  ],
  "ranking": {
    "comicCount": 22,
    "eventCount": 1,
    "pageviewCount": 12090,
    "serieCount": 12,
    "storyCount": 21
  },
  "secretIdentities": [
    "Henry Hayes",
    "Jack Truman/Larry Young",
    "John Kelly",
    "Luther Manning",
    "Michael Collins",
    "Siege (John Kelly)"
  ],
  "species": [
  ],
  "superName": "Deathlok",
  "teams": [
    "CIA",
    "Central Intelligence Agency",
    "Defenders",
    "Jean Grey School Staff",
    "M-Tech",
    "S.H.I.E.L.D",
    "Secret Defenders",
    "United States Army",
    "Wild Pack",
    "X-Force",
    "X-Mansion"
  ],
  "urls": {
    "marvel": "http://marvel.com/characters/527/deathlok",
    "wikipedia": "https://en.wikipedia.org/wiki/Deathlok"
  }
}