{
  "aliases": [
    "Deathbird",
    "War"
  ],
  "authors": [
    "Chris Claremont",
    "Dave Cockrum"
  ],
  "description": "Deathbird (Cal'syee Neramani-Summers) is a fictional character.",
  "images": {
    "background": null,
    "thumbnail": "http://x.annihil.us/u/prod/marvel/i/mg/2/60/4c004041be770/standard_xlarge.jpg"
  },
  "mainColor": null,
  "name": "Deathbird",
  "partners": [
  ],
  "powers": [
    "Natural wings",
    "Razor-sharp talons",
    "Stamina",
    "Sturdiness",
    "Superhuman strength"
  ],
  "ranking": {
    "comicCount": 26,
    "eventCount": 2,
    "pageviewCount": 2989,
    "serieCount": 9,
    "storyCount": 30
  },
  "secretIdentities": [
    "Cal'syee Neramani-Summers"
  ],
  "species": [
  ],
  "superName": "Deathbird",
  "teams": [
    "Brood",
    "Horsemen of Apocalypse",
    "Shi'ar",
    "Shi'ar Imperium",
    "Starforce",
    "The Brood"
  ],
  "urls": {
    "marvel": "http://marvel.com/characters/525/deathbird",
    "wikipedia": "https://en.wikipedia.org/wiki/Deathbird"
  }
}