{
  "aliases": [
    "Debrii"
  ],
  "authors": [
    "Scottie Young",
    "Skottie Young",
    "Zeb Wells"
  ],
  "description": "Debrii (Deborah Fields) is a fictional character, a superheroine from Marvel Comics.",
  "images": {
    "background": null,
    "thumbnail": "http://x.annihil.us/u/prod/marvel/i/mg/5/a0/4c0038c02e75a/standard_xlarge.jpg"
  },
  "mainColor": null,
  "name": "Debrii",
  "partners": [
  ],
  "powers": [
    "Psychokinesis",
    "Telekinesis"
  ],
  "ranking": {
    "comicCount": 3,
    "eventCount": 0,
    "pageviewCount": 432,
    "serieCount": 2,
    "storyCount": 2
  },
  "secretIdentities": [
    "Deborah Fields"
  ],
  "species": [
  ],
  "superName": "Debrii",
  "teams": [
    "Civil War",
    "Counter Force",
    "New Warriors",
    "Secret Avengers (Civil War)",
    "The Initiative"
  ],
  "urls": {
    "marvel": "http://marvel.com/characters/533/debrii",
    "wikipedia": "https://en.wikipedia.org/wiki/Debrii"
  }
}