{
  "aliases": [
    "Demogoblin",
    "Hobgoblin",
    "Hobgoblin/Jason Philip Macendale Jr.",
    "Jason Philip Macendale Jr. (original host form)"
  ],
  "authors": [
    "Gerry Conway",
    "Sal Buscema"
  ],
  "description": "Jason Macendale, the newest Hobgoblin was down on his luck and offered the demon N'astirh his soul in exchange for power during the  Inferno crisis, turning him into the Demogoblin.",
  "images": {
    "background": null,
    "thumbnail": "http://x.annihil.us/u/prod/marvel/i/mg/c/80/535fedd611db9/standard_xlarge.jpg"
  },
  "mainColor": null,
  "name": "Demogoblin",
  "partners": [
    "Carnage",
    "Carrion",
    "Doppelganger",
    "Shriek"
  ],
  "powers": [
    "Agility",
    "Hellfire projection",
    "High-level intellect",
    "Reflexes",
    "Resistance to injury",
    "Skills",
    "Stamina",
    "Superhuman strength",
    "Use of magical glider",
    "Weaponry"
  ],
  "ranking": {
    "comicCount": 1,
    "eventCount": 0,
    "pageviewCount": 1928,
    "serieCount": 1,
    "storyCount": 1
  },
  "secretIdentities": [
  ],
  "species": [
  ],
  "superName": "Demogoblin",
  "teams": [
    "Carnage Family",
    "Carnage Family/Maximum Carnage",
    "Maximum Carnage"
  ],
  "urls": {
    "marvel": "http://marvel.com/characters/538/demogoblin",
    "wikipedia": "https://en.wikipedia.org/wiki/Demogoblin"
  }
}