{
  "aliases": [
    "Desak",
    "Desak, the God Slayer",
    "the God Slayer"
  ],
  "authors": [
    "Dan Jurgens"
  ],
  "description": "Desak Sterixian, more commonly known as Desak the God Slayer, is a fictional character that appears in comic books published by Marvel Comics.",
  "images": {
    "background": null,
    "thumbnail": null
  },
  "mainColor": null,
  "name": "Desak",
  "partners": [
    "Designate/Spirit of the Jewel",
    "Zarrko the Tomorrow Man"
  ],
  "powers": [
    "Absorption",
    "Durability",
    "Endurance",
    "Flight",
    "His power",
    "Nigh-invulnerability",
    "Superhuman strength",
    "Teleportation",
    "Weapons mastery"
  ],
  "ranking": {
    "comicCount": 0,
    "eventCount": 0,
    "pageviewCount": 503,
    "serieCount": 0,
    "storyCount": 0
  },
  "secretIdentities": [
    "Desak Sterixian"
  ],
  "species": [
  ],
  "superName": "Desak",
  "teams": [
  ],
  "urls": {
    "marvel": null,
    "wikipedia": "https://en.wikipedia.org/wiki/Desak"
  }
}