{
  "aliases": [
    "Devil Dinosaur"
  ],
  "authors": [
    "Jack Kirby"
  ],
  "description": "Devil Dinosaur is a fictional character that appears in comic books published by Marvel Comics.",
  "images": {
    "background": null,
    "thumbnail": "http://x.annihil.us/u/prod/marvel/i/mg/9/90/54aedc448b925/standard_xlarge.jpg"
  },
  "mainColor": null,
  "name": "Devil Dinosaur",
  "partners": [
  ],
  "powers": [
    "Above normal intelligence",
    "Durability",
    "Superhuman strength"
  ],
  "ranking": {
    "comicCount": 0,
    "eventCount": 0,
    "pageviewCount": 3063,
    "serieCount": 0,
    "storyCount": 0
  },
  "secretIdentities": [
  ],
  "species": [
  ],
  "superName": "Devil Dinosaur",
  "teams": [
    "Circus of Crime",
    "Fallen Angels"
  ],
  "urls": {
    "marvel": "http://marvel.com/characters/3452/devil_dinosaur",
    "wikipedia": "https://en.wikipedia.org/wiki/Devil_Dinosaur"
  }
}