{
  "aliases": [
    "Devos the Devastator"
  ],
  "authors": [
    "Danny Bulanadi",
    "Paul Ryan",
    "Tom DeFalco"
  ],
  "description": "Devos the Devastator is a fictional character, a supervillain appearing in the Marvel Comics universe.",
  "images": {
    "background": null,
    "thumbnail": "https://upload.wikimedia.org/wikipedia/en/thumb/2/26/Devosff.jpg/250px-Devosff.jpg"
  },
  "mainColor": null,
  "name": "Devos the Devastator",
  "partners": [
  ],
  "powers": [
    "Assorted alien firearms",
    "Sensors",
    "Various offensive weapons"
  ],
  "ranking": {
    "comicCount": 0,
    "eventCount": 0,
    "pageviewCount": 234,
    "serieCount": 0,
    "storyCount": 0
  },
  "secretIdentities": [
    "Devos"
  ],
  "species": [
  ],
  "superName": "Devos the Devastator",
  "teams": [
    "Fearsome Foursome"
  ],
  "urls": {
    "marvel": null,
    "wikipedia": "https://en.wikipedia.org/wiki/Devos_the_Devastator"
  }
}