{
  "aliases": [
    "Diablo",
    "Esteban Corazón de Ablo"
  ],
  "authors": [
    "Jack Kirby",
    "Stan Lee"
  ],
  "description": "Diablo (Esteban Corazón de Ablo) is a fictional character, a supervillain in the Marvel Comics universe who is an enemy of the Fantastic Four.",
  "images": {
    "background": null,
    "thumbnail": "http://x.annihil.us/u/prod/marvel/i/mg/c/f0/4ce59f83af33f/standard_xlarge.jpg"
  },
  "mainColor": null,
  "name": "Diablo",
  "partners": [
    "Dragon Man",
    "Gilded Lily"
  ],
  "powers": [
    "Extended lifespan",
    "Genius-level intellect",
    "Master alchemist"
  ],
  "ranking": {
    "comicCount": 20,
    "eventCount": 0,
    "pageviewCount": 1112,
    "serieCount": 12,
    "storyCount": 22
  },
  "secretIdentities": [
    "Esteban Corazón De Ablo"
  ],
  "species": [
  ],
  "superName": "Diablo",
  "teams": [
    "Legion Accursed",
    "Masters of Evil"
  ],
  "urls": {
    "marvel": "http://marvel.com/characters/552/diablo",
    "wikipedia": "https://en.wikipedia.org/wiki/Diablo_(Marvel_Comics)"
  }
}