{
  "aliases": [
    "Diamondhead"
  ],
  "authors": [
    "Marv Wolfman",
    "Sal Buscema"
  ],
  "description": "Diamondhead is a fictional character in the Marvel Universe.",
  "images": {
    "background": null,
    "thumbnail": null
  },
  "mainColor": null,
  "name": "Diamondhead",
  "partners": [
  ],
  "powers": [
  ],
  "ranking": {
    "comicCount": 0,
    "eventCount": 0,
    "pageviewCount": 289,
    "serieCount": 0,
    "storyCount": 0
  },
  "secretIdentities": [
    "Arch Dyker"
  ],
  "species": [
  ],
  "superName": "Diamondhead",
  "teams": [
    "Terrible Trio"
  ],
  "urls": {
    "marvel": null,
    "wikipedia": "https://en.wikipedia.org/wiki/Diamondhead_(comics)"
  }
}