{
  "aliases": [
    "Doctor Spectrum"
  ],
  "authors": [
    "John Buscema",
    "Roy Thomas"
  ],
  "description": "Doctor Spectrum is the name of several fictional characters that appear in publications published by Marvel Comics.",
  "images": {
    "background": null,
    "thumbnail": "http://x.annihil.us/u/prod/marvel/i/mg/4/90/4dc2d94978576/standard_xlarge.jpg"
  },
  "mainColor": null,
  "name": "Doctor Spectrum",
  "partners": [
  ],
  "powers": [
    "Energy projection",
    "Flight",
    "Intangibility",
    "Manipulation"
  ],
  "ranking": {
    "comicCount": 13,
    "eventCount": 0,
    "pageviewCount": 3483,
    "serieCount": 5,
    "storyCount": 12
  },
  "secretIdentities": [
  ],
  "species": [
  ],
  "superName": "Doctor Spectrum",
  "teams": [
    "Squadron Sinister",
    "Squadron Supreme",
    "Squadron Supreme (Supreme Power)"
  ],
  "urls": {
    "marvel": "http://marvel.com/characters/566/doctor_spectrum",
    "wikipedia": "https://en.wikipedia.org/wiki/Doctor_Spectrum"
  }
}