{
  "aliases": [
    "Doctor Faustus",
    "Edward Marlowe",
    "Master of Men's Minds"
  ],
  "authors": [
    "Jack Kirby",
    "Stan Lee"
  ],
  "description": "Doctor Faustus (Johann Fennhoff) is a fictional supervillain appearing in American comic books published by Marvel Comics, usually as an adversary of Captain America.",
  "images": {
    "background": null,
    "thumbnail": "http://x.annihil.us/u/prod/marvel/i/mg/e/e0/4ce5a54ac4d4b/standard_xlarge.jpg"
  },
  "mainColor": null,
  "name": "Doctor Faustus",
  "partners": [
    "Red Skull"
  ],
  "powers": [
  ],
  "ranking": {
    "comicCount": 0,
    "eventCount": 0,
    "pageviewCount": 6353,
    "serieCount": 0,
    "storyCount": 0
  },
  "secretIdentities": [
    "Johann Fennhoff"
  ],
  "species": [
  ],
  "superName": "Doctor Faustus",
  "teams": [
    "Corporation",
    "National Force",
    "S.H.I.E.L.D",
    "Secret Empire"
  ],
  "urls": {
    "marvel": "http://marvel.com/characters/564/doctor_faustus",
    "wikipedia": "https://en.wikipedia.org/wiki/Doctor_Faustus_(comics)"
  }
}