{
  "aliases": [
    "Doctor Death",
    "Doctor Nemesis"
  ],
  "authors": [
    "(writer) and",
    "Ace Magazines",
    "Craig Russell",
    "Dave Hoover",
    "Marvel Comics",
    "Mike Friedrich",
    "Roy Thomas",
    "The creators of the version published by",
    "are unknown. The",
    "version of the character was co-created by"
  ],
  "description": "Doctor Nemesis is the name of two characters from Marvel Comics.",
  "images": {
    "background": null,
    "thumbnail": "https://upload.wikimedia.org/wikipedia/en/thumb/6/6e/XMN_Nemesis.jpg/250px-XMN_Nemesis.jpg"
  },
  "mainColor": null,
  "name": "Doctor Nemesis",
  "partners": [
  ],
  "powers": [
    "Accomplished investigator",
    "Enhanced immune system",
    "Eyesight",
    "Hand to hand combatant",
    "Prolonged longevity",
    "Self-evolved\" intellect",
    "Size-shifting"
  ],
  "ranking": {
    "comicCount": 0,
    "eventCount": 0,
    "pageviewCount": 2688,
    "serieCount": 0,
    "storyCount": 0
  },
  "secretIdentities": [
    "James Nicola Bradley",
    "Michael Stockton"
  ],
  "species": [
    "Human Mutant"
  ],
  "superName": "Doctor Nemesis",
  "teams": [
    "Advanced Idea Mechanics",
    "Battle-Axis",
    "X-Club",
    "X-Force",
    "X-Men"
  ],
  "urls": {
    "marvel": null,
    "wikipedia": "https://en.wikipedia.org/wiki/Doctor_Nemesis"
  }
}