{
  "aliases": [
    "Doctor Droom",
    "Doctor Druid",
    "Druid"
  ],
  "authors": [
    "Jack Kirby",
    "Stan Lee"
  ],
  "description": "Doctor Druid, also known as Doctor Droom and Druid, is a fictional character, a supernatural monster-hunter in the Marvel Comics universe.Co-created by writer-editor Stan Lee and penciller Jack Kirby, he starred in his own continuing feature that debuted in Amazing Adventures #1 (June 1961), predating Lee & Kirby's milestone creation The Fantastic Four #1 (Nov. 1961).",
  "images": {
    "background": null,
    "thumbnail": "https://upload.wikimedia.org/wikipedia/en/thumb/2/25/DoctorDruidClassic.jpeg/250px-DoctorDruidClassic.jpeg"
  },
  "mainColor": null,
  "name": "Doctor Druid",
  "partners": [
  ],
  "powers": [
    "Magic manipulation",
    "Telepathy"
  ],
  "ranking": {
    "comicCount": 0,
    "eventCount": 0,
    "pageviewCount": 2468,
    "serieCount": 0,
    "storyCount": 0
  },
  "secretIdentities": [
    "Anthony Ludgate Druid"
  ],
  "species": [
  ],
  "superName": "Doctor Druid",
  "teams": [
    "Avengers",
    "Legion of the Unliving",
    "Monster Hunters"
  ],
  "urls": {
    "marvel": null,
    "wikipedia": "https://en.wikipedia.org/wiki/Doctor_Druid"
  }
}