{
  "aliases": [
    "Cockroach Hamilton",
    "Dontrell Hamilton",
    "Roach"
  ],
  "authors": [
    "Don McGregor",
    "George Tuska",
    "Rich Buckler"
  ],
  "description": null,
  "images": {
    "background": null,
    "thumbnail": null
  },
  "mainColor": null,
  "name": "Dontrell Hamilton",
  "partners": [
  ],
  "powers": [
    "Skilled marksman"
  ],
  "ranking": {
    "comicCount": 0,
    "eventCount": 0,
    "pageviewCount": 0,
    "serieCount": 0,
    "storyCount": 0
  },
  "secretIdentities": [
  ],
  "species": [
  ],
  "superName": "Dontrell Hamilton",
  "teams": [
    "Flashmob"
  ],
  "urls": {
    "marvel": null,
    "wikipedia": "https://en.wikipedia.org/wiki/Dontrell_Hamilton"
  }
}