{
  "aliases": [
    "Doop"
  ],
  "authors": [
    "Mike Allred",
    "Peter Milligan"
  ],
  "description": "Doop is a fictional character in the Marvel Universe, created by writer Peter Milligan and artist Mike Allred.",
  "images": {
    "background": null,
    "thumbnail": "http://x.annihil.us/u/prod/marvel/i/mg/9/80/4c7c646b68a2c/standard_xlarge.jpg"
  },
  "mainColor": null,
  "name": "Doop",
  "partners": [
  ],
  "powers": [
    "Accelerated",
    "Durability",
    "Flight",
    "Healing factor",
    "People",
    "Physical malleability",
    "Superhuman strength"
  ],
  "ranking": {
    "comicCount": 28,
    "eventCount": 1,
    "pageviewCount": 1580,
    "serieCount": 8,
    "storyCount": 39
  },
  "secretIdentities": [
    "Doop"
  ],
  "species": [
  ],
  "superName": "Doop",
  "teams": [
    "Jean Grey School",
    "X-Force",
    "X-Mansion",
    "X-Statix"
  ],
  "urls": {
    "marvel": "http://marvel.com/characters/571/doop",
    "wikipedia": "https://en.wikipedia.org/wiki/Doop_(comics)"
  }
}