{
  "aliases": [
    "Doorman"
  ],
  "authors": [
    "John Byrne"
  ],
  "description": "Doorman (DeMarr Davis) is a fictional character, a mutant superhero, appearing in American comic books published by Marvel Comics.",
  "images": {
    "background": null,
    "thumbnail": "http://x.annihil.us/u/prod/marvel/i/mg/3/00/4c00359cc7019/standard_xlarge.jpg"
  },
  "mainColor": null,
  "name": "Doorman",
  "partners": [
  ],
  "powers": [
    "Flight via skis",
    "Intangibility",
    "Levitation",
    "Portal generation"
  ],
  "ranking": {
    "comicCount": 4,
    "eventCount": 0,
    "pageviewCount": 1331,
    "serieCount": 3,
    "storyCount": 3
  },
  "secretIdentities": [
    "DeMarr Davis"
  ],
  "species": [
    "Mutant"
  ],
  "superName": "Doorman",
  "teams": [
    "Great Lakes Avengers"
  ],
  "urls": {
    "marvel": "http://marvel.com/characters/572/doorman",
    "wikipedia": "https://en.wikipedia.org/wiki/Doorman_(comics)"
  }
}