{
  "aliases": [
    "Dormammu",
    "The Dread One; Lord of Chaos; The Great Enigma; Master of the Mindless Ones"
  ],
  "authors": [
    "Stan Lee",
    "Steve Ditko"
  ],
  "description": "Dormammu is a fictional character, a powerful mystical being that appears in comic books published by Marvel Comics.",
  "images": {
    "background": null,
    "thumbnail": "http://x.annihil.us/u/prod/marvel/i/mg/b/70/4c003f1ddc0e5/standard_xlarge.jpg"
  },
  "mainColor": null,
  "name": "Dormammu",
  "partners": [
    "Satannish",
    "Umar"
  ],
  "powers": [
    "Dimensional teleportation",
    "Immortality",
    "Mastery of dark magic"
  ],
  "ranking": {
    "comicCount": 29,
    "eventCount": 1,
    "pageviewCount": 14702,
    "serieCount": 10,
    "storyCount": 32
  },
  "secretIdentities": [
  ],
  "species": [
    "Faltine"
  ],
  "superName": "Dormammu",
  "teams": [
    "Mindless Ones"
  ],
  "urls": {
    "marvel": "http://marvel.com/characters/575/dormammu",
    "wikipedia": "https://en.wikipedia.org/wiki/Dormammu"
  }
}