{
  "aliases": [
    "Dorrek VII"
  ],
  "authors": [
    "Dick Ayers",
    "Jack Kirby",
    "Stan Lee"
  ],
  "description": null,
  "images": {
    "background": null,
    "thumbnail": "https://upload.wikimedia.org/wikipedia/en/thumb/5/54/Dorrek_VII1.jpg/190px-Dorrek_VII1.jpg"
  },
  "mainColor": null,
  "name": "Dorrek VII",
  "partners": [
  ],
  "powers": [
    "Shapeshifting"
  ],
  "ranking": {
    "comicCount": 0,
    "eventCount": 0,
    "pageviewCount": 78,
    "serieCount": 0,
    "storyCount": 0
  },
  "secretIdentities": [
  ],
  "species": [
  ],
  "superName": "Dorrek VII",
  "teams": [
  ],
  "urls": {
    "marvel": null,
    "wikipedia": "https://en.wikipedia.org/wiki/Dorrek_VII"
  }
}