{
  "aliases": [
    "Dreadknight"
  ],
  "authors": [
    "Bill Mantlo",
    "George Tuska"
  ],
  "description": "Dreadknight is a fictional character that appears in comic books published by Marvel Comics.",
  "images": {
    "background": null,
    "thumbnail": "https://upload.wikimedia.org/wikipedia/en/6/6c/DreadknightIM102.jpg"
  },
  "mainColor": null,
  "name": "Dreadknight",
  "partners": [
  ],
  "powers": [
    "Durability",
    "Gifted scientist",
    "Rides the \"hellhorse",
    "Superhuman strength",
    "Use of weapons"
  ],
  "ranking": {
    "comicCount": 0,
    "eventCount": 0,
    "pageviewCount": 891,
    "serieCount": 0,
    "storyCount": 0
  },
  "secretIdentities": [
    "Bram Velsing"
  ],
  "species": [
  ],
  "superName": "Dreadknight",
  "teams": [
    "Frightful Four"
  ],
  "urls": {
    "marvel": null,
    "wikipedia": "https://en.wikipedia.org/wiki/Dreadknight"
  }
}