{
  "aliases": [
    "Dreadnought"
  ],
  "authors": [
    "Jim Steranko"
  ],
  "description": "Dreadnoughts are a type of fictional robot found in the Marvel Comics universe.",
  "images": {
    "background": null,
    "thumbnail": "https://upload.wikimedia.org/wikipedia/en/9/99/Nightstalkers16.jpg"
  },
  "mainColor": null,
  "name": "Dreadnought",
  "partners": [
  ],
  "powers": [
    "Electrifying touch",
    "Flame-throwing gauntlets",
    "Freezing breath"
  ],
  "ranking": {
    "comicCount": 0,
    "eventCount": 0,
    "pageviewCount": 343,
    "serieCount": 0,
    "storyCount": 0
  },
  "secretIdentities": [
  ],
  "species": [
    "Robot"
  ],
  "superName": "Dreadnought",
  "teams": [
    "HYDRA",
    "Hydra",
    "New Enforcers"
  ],
  "urls": {
    "marvel": null,
    "wikipedia": "https://en.wikipedia.org/wiki/Dreadnought_(comics)"
  }
}