{
  "aliases": [
    "Dust",
    "Sooraya Qadir"
  ],
  "authors": [
    "Ethan Van Sciver",
    "Frank Quitely",
    "Grant Morrison"
  ],
  "description": "Dust (real name Sooraya Qadir), is a fictional character, a superheroine in Marvel Comics' X-Men-related comic books.",
  "images": {
    "background": null,
    "thumbnail": "http://x.annihil.us/u/prod/marvel/i/mg/8/f0/4c003f17db9a6/standard_xlarge.jpg"
  },
  "mainColor": null,
  "name": "Dust",
  "partners": [
  ],
  "powers": [
    "Able to transform into"
  ],
  "ranking": {
    "comicCount": 8,
    "eventCount": 0,
    "pageviewCount": 2620,
    "serieCount": 6,
    "storyCount": 7
  },
  "secretIdentities": [
    "Sooraya Qadir"
  ],
  "species": [
    "Mutant"
  ],
  "superName": "Dust",
  "teams": [
    "Hellions",
    "Hellions training squad",
    "Jean Grey School Students",
    "New X-Men",
    "X-Mansion",
    "X-Men-In-Training",
    "Xavier Institute",
    "Young X-Men"
  ],
  "urls": {
    "marvel": "http://marvel.com/characters/588/dust",
    "wikipedia": "https://en.wikipedia.org/wiki/Dust_(comics)"
  }
}