{
  "aliases": [
    "Electro",
    "Max Dillon"
  ],
  "authors": [
    "Stan Lee",
    "Steve Ditko"
  ],
  "description": "Electro (Maxwell \"Max\" Dillon) is a fictional supervillain that appears in comic books published by Marvel Comics.",
  "images": {
    "background": null,
    "thumbnail": "http://x.annihil.us/u/prod/marvel/i/mg/5/60/4c003f1214bd7/standard_xlarge.jpg"
  },
  "mainColor": null,
  "name": "Electro",
  "partners": [
  ],
  "powers": [
    "Electric manipulation",
    "Flight",
    "Speed when fully charged",
    "Superhuman strength"
  ],
  "ranking": {
    "comicCount": 64,
    "eventCount": 2,
    "pageviewCount": 8779,
    "serieCount": 29,
    "storyCount": 64
  },
  "secretIdentities": [
    "Max",
    "Maxwell Dillon"
  ],
  "species": [
  ],
  "superName": "Electro",
  "teams": [
    "Emissaries of Evil",
    "Exterminators",
    "Frightful Four",
    "Legion Accursed",
    "Sinister Six"
  ],
  "urls": {
    "marvel": "http://marvel.com/characters/604/electro",
    "wikipedia": "https://en.wikipedia.org/wiki/Electro_(Marvel_Comics)"
  }
}