{
  "aliases": [
    "Elektro"
  ],
  "authors": [
    "Jack Kirby",
    "Stan Lee"
  ],
  "description": "Elektro is a fictional robot that appears in comic books published by Marvel Comics.",
  "images": {
    "background": null,
    "thumbnail": "https://upload.wikimedia.org/wikipedia/en/thumb/2/24/TOS-13.jpg/250px-TOS-13.jpg"
  },
  "mainColor": null,
  "name": "Elektro",
  "partners": [
    "Fin Fang Foom"
  ],
  "powers": [
    "Durability",
    "Forcefield",
    "Gamma ray projection",
    "Restore matter",
    "Superhuman strength",
    "Telekinesis"
  ],
  "ranking": {
    "comicCount": 0,
    "eventCount": 0,
    "pageviewCount": 237,
    "serieCount": 0,
    "storyCount": 0
  },
  "secretIdentities": [
    "Elektro"
  ],
  "species": [
  ],
  "superName": "Elektro",
  "teams": [
    "Fin Fang Foom"
  ],
  "urls": {
    "marvel": null,
    "wikipedia": "https://en.wikipedia.org/wiki/Elektro_(comics)"
  }
}