{
  "aliases": [
    "Elias Bogan",
    "Lord Imperial"
  ],
  "authors": [
    "Chris Claremont",
    "Salvador Larroca"
  ],
  "description": "Elias Bogan is a fictional mutant character in the Marvel Comics Universe.",
  "images": {
    "background": null,
    "thumbnail": "https://upload.wikimedia.org/wikipedia/en/d/d8/Elias_Bogan.jpg"
  },
  "mainColor": null,
  "name": "Elias Bogan",
  "partners": [
  ],
  "powers": [
    "Mental possession",
    "Telepathy"
  ],
  "ranking": {
    "comicCount": 0,
    "eventCount": 0,
    "pageviewCount": 360,
    "serieCount": 0,
    "storyCount": 0
  },
  "secretIdentities": [
  ],
  "species": [
    "Mutant"
  ],
  "superName": "Elias Bogan",
  "teams": [
    "Hellfire Club"
  ],
  "urls": {
    "marvel": null,
    "wikipedia": "https://en.wikipedia.org/wiki/Elias_Bogan"
  }
}