{
  "aliases": [
    "Bloodstone",
    "Elsa",
    "Elsa Bloodstone"
  ],
  "authors": [
    "Andy Lanning",
    "Dan Abnett",
    "Michael Lopez"
  ],
  "description": "Elsa Bloodstone is a fictional character appearing in comic books published by Marvel Comics.",
  "images": {
    "background": null,
    "thumbnail": "http://i.annihil.us/u/prod/marvel/i/mg/e/b0/4c0038ccbe4fa/standard_xlarge.jpg"
  },
  "mainColor": null,
  "name": "Elsa Bloodstone",
  "partners": [
  ],
  "powers": [
    "Accelerated",
    "Healing factor",
    "Immunity to vampire bites",
    "Skilled fighter",
    "Superhuman strength"
  ],
  "ranking": {
    "comicCount": 3,
    "eventCount": 0,
    "pageviewCount": 2776,
    "serieCount": 1,
    "storyCount": 3
  },
  "secretIdentities": [
    "Elsa Bloodstone"
  ],
  "species": [
    "Human"
  ],
  "superName": "Elsa Bloodstone",
  "teams": [
    "Fearless Defenders",
    "Nextwave"
  ],
  "urls": {
    "marvel": "http://marvel.com/characters/2810/elsa_bloodstone",
    "wikipedia": "https://en.wikipedia.org/wiki/Elsa_Bloodstone"
  }
}