{
  "aliases": [
    "Elysius",
    "Mistress of Paradise"
  ],
  "authors": [
    "Doug Moench",
    "Pat Broderick"
  ],
  "description": "Elysius is a fictional character in the Marvel Universe.Elysius is an artificially created being possessing the attributes of an Eternal.",
  "images": {
    "background": null,
    "thumbnail": null
  },
  "mainColor": null,
  "name": "Elysius",
  "partners": [
  ],
  "powers": [
  ],
  "ranking": {
    "comicCount": 0,
    "eventCount": 0,
    "pageviewCount": 398,
    "serieCount": 0,
    "storyCount": 0
  },
  "secretIdentities": [
  ],
  "species": [
  ],
  "superName": "Elysius",
  "teams": [
  ],
  "urls": {
    "marvel": null,
    "wikipedia": "https://en.wikipedia.org/wiki/Elysius"
  }
}