{
  "aliases": [
    "Emplate",
    "M-Plate"
  ],
  "authors": [
    "Chris Bachalo",
    "Scott Lobdell"
  ],
  "description": "Emplate (Marius St. Croix) is a fictional character, a mutant supervillain appearing in the Marvel Comics universe.",
  "images": {
    "background": null,
    "thumbnail": "http://x.annihil.us/u/prod/marvel/i/mg/f/10/4bb3bcffb8325/standard_xlarge.jpg"
  },
  "mainColor": null,
  "name": "Emplate",
  "partners": [
    "Chimera",
    "D.O.A"
  ],
  "powers": [
    "Density control",
    "Interdimensional travel",
    "Invisibility",
    "Read\" mutant auras"
  ],
  "ranking": {
    "comicCount": 2,
    "eventCount": 1,
    "pageviewCount": 756,
    "serieCount": 2,
    "storyCount": 1
  },
  "secretIdentities": [
    "Marius St. Croix"
  ],
  "species": [
    "Mutant"
  ],
  "superName": "Emplate",
  "teams": [
    "Hellions"
  ],
  "urls": {
    "marvel": "http://marvel.com/characters/615/emplate",
    "wikipedia": "https://en.wikipedia.org/wiki/Emplate"
  }
}