{
  "aliases": [
    "Carson Collier",
    "Carson Collier, Jr.",
    "Enforcer",
    "Jr."
  ],
  "authors": [
    "Don Glut",
    "Don Heck",
    "Gerry Conway"
  ],
  "description": "Enforcer is the name of two fictional characters in Marvel Comics.",
  "images": {
    "background": null,
    "thumbnail": null
  },
  "mainColor": null,
  "name": "Enforcer",
  "partners": [
  ],
  "powers": [
  ],
  "ranking": {
    "comicCount": 0,
    "eventCount": 0,
    "pageviewCount": 412,
    "serieCount": 0,
    "storyCount": 0
  },
  "secretIdentities": [
    "Charles L. Delazny",
    "Charles L. Delazny, Jr.",
    "Jr."
  ],
  "species": [
  ],
  "superName": "Enforcer",
  "teams": [
    "Committee"
  ],
  "urls": {
    "marvel": null,
    "wikipedia": "https://en.wikipedia.org/wiki/Enforcer_(comics)"
  }
}