{
  "aliases": [
    "Equinox",
    "Thermodynamic Man"
  ],
  "authors": [
    "Gil Kane",
    "Len Wein"
  ],
  "description": "Equinox (Terrance Sorenson) is a fictional character, a supervillain appearing in publications from Marvel Comics.",
  "images": {
    "background": null,
    "thumbnail": null
  },
  "mainColor": null,
  "name": "Equinox",
  "partners": [
  ],
  "powers": [
    "Cryokinesis",
    "Durability",
    "Pyrokinesis",
    "Superhuman strength"
  ],
  "ranking": {
    "comicCount": 0,
    "eventCount": 0,
    "pageviewCount": 691,
    "serieCount": 0,
    "storyCount": 0
  },
  "secretIdentities": [
    "Terrance Sorenson",
    "Terry"
  ],
  "species": [
  ],
  "superName": "Equinox",
  "teams": [
    "Freedom Force",
    "Vil-Anon"
  ],
  "urls": {
    "marvel": null,
    "wikipedia": "https://en.wikipedia.org/wiki/Equinox_(comics)"
  }
}